freq,psd_x,psd_y,psd_z,psd_xyz,ei(42.6)
0.0,0.000e+00,0.000e+00,0.000e+00,0.000e+00,1.000
1.5,0.000e+00,0.000e+00,0.000e+00,0.000e+00,0.987
3.0,0.000e+00,0.000e+00,0.000e+00,0.000e+00,0.969
4.5,0.000e+00,0.000e+00,0.000e+00,0.000e+00,0.945
6.0,1.665e+02,4.334e+00,2.163e+00,1.730e+02,0.915
7.4,2.183e+02,3.230e+00,1.787e+00,2.233e+02,0.881
8.9,2.494e+02,2.476e+00,1.633e+00,2.535e+02,0.842
10.4,2.893e+02,2.284e+00,1.431e+00,2.930e+02,0.799
11.9,3.243e+02,4.288e+00,1.143e+00,3.297e+02,0.753
13.4,3.580e+02,9.266e+00,1.201e+00,3.684e+02,0.704
14.9,4.364e+02,6.386e+00,1.082e+00,4.439e+02,0.653
16.4,5.510e+02,6.089e+00,1.131e+00,5.582e+02,0.599
17.9,4.308e+02,4.915e+00,1.082e+00,4.368e+02,0.545
19.4,3.086e+02,2.512e+00,8.959e-01,3.120e+02,0.490
20.9,3.295e+02,1.663e+00,7.356e-01,3.319e+02,0.436
22.3,3.502e+02,1.280e+00,6.911e-01,3.522e+02,0.382
23.8,3.307e+02,1.248e+00,6.340e-01,3.326e+02,0.329
25.3,3.021e+02,1.389e+00,6.912e-01,3.042e+02,0.279
26.8,2.970e+02,1.337e+00,6.784e-01,2.991e+02,0.230
28.3,2.938e+02,1.487e+00,6.579e-01,2.960e+02,0.185
29.8,2.797e+02,2.131e+00,7.463e-01,2.826e+02,0.144
31.3,2.434e+02,2.897e+00,7.860e-01,2.471e+02,0.106
32.8,1.836e+02,3.261e+00,1.562e+00,1.884e+02,0.073
34.3,1.503e+02,4.413e+00,1.887e+00,1.566e+02,0.045
35.8,1.351e+02,6.924e+00,1.294e+00,1.433e+02,0.025
37.2,1.231e+02,7.860e+00,1.152e+00,1.321e+02,0.020
38.7,1.530e+02,7.750e+00,1.344e+00,1.621e+02,0.028
40.2,1.653e+02,8.280e+00,1.711e+00,1.753e+02,0.035
41.7,1.908e+02,1.611e+01,2.990e+00,2.099e+02,0.039
43.2,2.345e+02,3.103e+01,6.166e+00,2.717e+02,0.039
44.7,3.172e+02,5.386e+01,1.384e+01,3.849e+02,0.034
46.2,4.788e+02,1.053e+02,3.207e+01,6.162e+02,0.030
47.7,6.999e+02,8.969e+01,3.837e+01,8.280e+02,0.028
49.2,7.072e+02,4.700e+01,1.865e+01,7.729e+02,0.031
50.6,4.775e+02,6.075e+01,1.085e+01,5.491e+02,0.041
52.1,3.131e+02,7.480e+01,1.178e+01,3.997e+02,0.057
53.6,1.922e+02,5.470e+01,1.030e+01,2.572e+02,0.085
55.1,1.045e+02,4.025e+01,9.936e+00,1.547e+02,0.116
56.6,5.728e+01,3.164e+01,7.875e+00,9.680e+01,0.149
58.1,4.523e+01,2.279e+01,7.019e+00,7.504e+01,0.185
59.6,5.103e+01,2.128e+01,9.793e+00,8.210e+01,0.221
61.1,4.288e+01,2.250e+01,7.316e+00,7.269e+01,0.258
62.6,4.589e+01,1.713e+01,4.847e+00,6.787e+01,0.295
64.1,7.361e+01,1.045e+01,3.399e+00,8.746e+01,0.332
65.5,7.602e+01,7.469e+00,2.819e+00,8.631e+01,0.369
67.0,4.595e+01,5.760e+00,2.598e+00,5.431e+01,0.404
68.5,2.245e+01,4.899e+00,2.968e+00,3.031e+01,0.437
70.0,1.234e+01,3.706e+00,2.936e+00,1.898e+01,0.469
71.5,6.785e+00,4.230e+00,2.987e+00,1.400e+01,0.498
73.0,3.388e+00,5.307e+00,2.971e+00,1.167e+01,0.525
74.5,2.350e+00,4.782e+00,3.499e+00,1.063e+01,0.548
76.0,2.419e+00,3.024e+00,3.868e+00,9.312e+00,0.568
77.5,3.386e+00,2.308e+00,4.212e+00,9.906e+00,0.585
78.9,4.627e+00,3.262e+00,4.762e+00,1.265e+01,0.598
80.4,5.773e+00,5.015e+00,5.316e+00,1.610e+01,0.607
81.9,7.335e+00,5.838e+00,5.893e+00,1.907e+01,0.613
83.4,1.025e+01,5.998e+00,6.697e+00,2.294e+01,0.614
84.9,1.149e+01,5.731e+00,7.105e+00,2.433e+01,0.612
86.4,1.267e+01,5.366e+00,8.842e+00,2.687e+01,0.605
87.9,1.534e+01,4.962e+00,1.221e+01,3.252e+01,0.595
89.4,1.983e+01,4.926e+00,1.750e+01,4.226e+01,0.582
90.9,1.695e+01,4.607e+00,1.592e+01,3.748e+01,0.565
92.4,1.458e+01,2.530e+00,1.332e+01,3.043e+01,0.545
93.8,1.290e+01,1.726e+00,9.650e+00,2.428e+01,0.522
95.3,1.021e+01,1.466e+00,4.661e+00,1.634e+01,0.497
96.8,9.700e+00,1.644e+00,3.146e+00,1.449e+01,0.470
98.3,9.658e+00,1.676e+00,1.873e+00,1.321e+01,0.440
99.8,9.388e+00,1.428e+00,1.172e+00,1.199e+01,0.409
101.3,1.024e+01,1.519e+00,1.173e+00,1.293e+01,0.378
102.8,1.200e+01,1.792e+00,1.341e+00,1.513e+01,0.345
104.3,1.218e+01,1.820e+00,1.400e+00,1.540e+01,0.312
105.8,1.152e+01,1.914e+00,1.626e+00,1.506e+01,0.279
107.3,1.098e+01,2.099e+00,1.821e+00,1.490e+01,0.247
108.7,1.188e+01,2.396e+00,2.058e+00,1.633e+01,0.215
110.2,1.207e+01,2.162e+00,2.113e+00,1.635e+01,0.185
111.7,1.151e+01,1.781e+00,2.128e+00,1.542e+01,0.161
113.2,1.011e+01,1.610e+00,1.812e+00,1.353e+01,0.148
114.7,9.237e+00,2.099e+00,1.623e+00,1.296e+01,0.137
116.2,8.189e+00,2.397e+00,1.868e+00,1.245e+01,0.126
117.7,8.688e+00,3.386e+00,3.816e+00,1.589e+01,0.118
119.2,9.796e+00,6.380e+00,6.214e+00,2.239e+01,0.111
120.7,1.131e+01,1.054e+01,8.546e+00,3.039e+01,0.105
122.1,1.324e+01,1.380e+01,1.014e+01,3.718e+01,0.101
123.6,1.468e+01,1.430e+01,1.010e+01,3.908e+01,0.098
125.1,1.543e+01,1.214e+01,9.323e+00,3.689e+01,0.096
126.6,1.257e+01,7.188e+00,5.769e+00,2.553e+01,0.095
128.1,1.390e+01,4.816e+00,3.956e+00,2.267e+01,0.095
129.6,1.770e+01,4.276e+00,2.910e+00,2.488e+01,0.097
131.1,1.565e+01,3.427e+00,1.959e+00,2.104e+01,0.099
132.6,1.506e+01,3.408e+00,1.575e+00,2.004e+01,0.102
134.1,5.281e+00,1.190e+00,6.062e-01,7.077e+00,0.107
135.6,3.921e+00,7.860e-01,3.983e-01,5.105e+00,0.112
137.0,3.202e+00,9.667e-01,4.119e-01,4.581e+00,0.118
138.5,3.863e+00,1.058e+00,3.833e-01,5.304e+00,0.125
140.0,4.347e+00,1.304e+00,5.058e-01,6.157e+00,0.132
141.5,2.862e+00,9.000e-01,3.725e-01,4.135e+00,0.141
143.0,3.298e+00,7.789e-01,3.058e-01,4.382e+00,0.150
144.5,3.839e+00,8.721e-01,3.284e-01,5.039e+00,0.169
146.0,2.626e+00,7.147e-01,2.543e-01,3.595e+00,0.191
147.5,2.972e+00,9.740e-01,2.842e-01,4.230e+00,0.215
149.0,2.227e+00,1.639e+00,3.413e-01,4.207e+00,0.238
150.5,3.074e+00,2.245e+00,4.269e-01,5.746e+00,0.261
151.9,2.994e+00,2.371e+00,4.658e-01,5.831e+00,0.283
153.4,2.720e+00,2.529e+00,4.702e-01,5.719e+00,0.304
154.9,3.190e+00,2.705e+00,4.812e-01,6.376e+00,0.325
156.4,2.939e+00,3.746e+00,6.748e-01,7.360e+00,0.343
157.9,2.567e+00,4.634e+00,1.039e+00,8.240e+00,0.360
159.4,2.612e+00,4.358e+00,1.202e+00,8.172e+00,0.376
160.9,2.631e+00,5.195e+00,1.903e+00,9.729e+00,0.389
162.4,2.308e+00,6.162e+00,2.873e+00,1.134e+01,0.400
163.9,3.069e+00,5.377e+00,2.891e+00,1.134e+01,0.409
165.3,3.028e+00,3.342e+00,2.763e+00,9.132e+00,0.415
166.8,3.686e+00,2.897e+00,3.218e+00,9.801e+00,0.419
168.3,3.953e+00,2.479e+00,3.424e+00,9.856e+00,0.420
169.8,3.318e+00,1.694e+00,2.775e+00,7.787e+00,0.420
171.3,3.127e+00,1.331e+00,2.542e+00,7.000e+00,0.416
172.8,2.934e+00,1.241e+00,3.412e+00,7.588e+00,0.411
174.3,3.297e+00,1.543e+00,4.676e+00,9.516e+00,0.403
175.8,3.002e+00,1.907e+00,6.099e+00,1.101e+01,0.393
177.3,3.433e+00,2.368e+00,5.346e+00,1.115e+01,0.382
178.8,3.081e+00,2.851e+00,4.944e+00,1.088e+01,0.368
180.2,2.380e+00,5.044e+00,8.904e+00,1.633e+01,0.353
181.7,3.089e+00,8.801e+00,1.148e+01,2.337e+01,0.337
183.2,3.867e+00,1.072e+01,1.097e+01,2.556e+01,0.319
184.7,3.363e+00,8.948e+00,7.083e+00,1.939e+01,0.301
186.2,2.448e+00,1.013e+01,8.042e+00,2.062e+01,0.282
187.7,3.943e+00,1.224e+01,7.922e+00,2.410e+01,0.263
189.2,4.511e+00,1.495e+01,8.335e+00,2.780e+01,0.243
190.7,4.662e+00,1.651e+01,8.081e+00,2.926e+01,0.223
192.2,2.996e+00,1.683e+01,6.034e+00,2.586e+01,0.204
193.6,4.868e+00,2.393e+01,8.058e+00,3.685e+01,0.187
195.1,5.137e+00,2.939e+01,8.133e+00,4.266e+01,0.181
196.6,4.028e+00,3.565e+01,7.431e+00,4.711e+01,0.175
198.1,4.832e+00,4.426e+01,8.284e+00,5.737e+01,0.170
199.6,4.380e+00,3.619e+01,6.206e+00,4.677e+01,0.166
