freq,psd_x,psd_y,psd_z,psd_xyz,ei(50.6)
0.0,0.000e+00,0.000e+00,0.000e+00,0.000e+00,1.000
1.3,0.000e+00,0.000e+00,0.000e+00,0.000e+00,0.991
2.7,0.000e+00,0.000e+00,0.000e+00,0.000e+00,0.978
4.0,0.000e+00,0.000e+00,0.000e+00,0.000e+00,0.963
5.4,5.104e+01,4.251e+02,4.952e+01,5.257e+02,0.944
6.7,4.372e+01,4.944e+02,5.067e+01,5.888e+02,0.922
8.1,3.697e+01,5.799e+02,4.727e+01,6.641e+02,0.897
9.4,2.778e+01,7.091e+02,3.823e+01,7.751e+02,0.869
10.7,3.601e+01,8.883e+02,3.455e+01,9.588e+02,0.839
12.1,4.347e+01,7.938e+02,3.084e+01,8.681e+02,0.807
13.4,3.794e+01,6.388e+02,2.788e+01,7.046e+02,0.773
14.8,5.084e+01,7.043e+02,2.604e+01,7.812e+02,0.736
16.1,4.892e+01,8.073e+02,1.569e+01,8.719e+02,0.699
17.5,2.494e+01,8.866e+02,1.277e+01,9.244e+02,0.660
18.8,2.033e+01,1.078e+03,1.683e+01,1.116e+03,0.619
20.1,1.882e+01,1.259e+03,2.250e+01,1.301e+03,0.579
21.5,1.867e+01,1.433e+03,2.189e+01,1.474e+03,0.537
22.8,1.439e+01,1.656e+03,1.804e+01,1.688e+03,0.496
24.2,1.017e+01,1.882e+03,1.512e+01,1.907e+03,0.454
25.5,8.643e+00,2.142e+03,1.489e+01,2.166e+03,0.413
26.9,1.196e+01,2.727e+03,1.889e+01,2.758e+03,0.372
28.2,1.107e+01,3.180e+03,2.324e+01,3.214e+03,0.332
29.5,8.916e+00,4.043e+03,3.250e+01,4.084e+03,0.294
30.9,1.101e+01,5.205e+03,4.469e+01,5.261e+03,0.256
32.2,1.029e+01,6.720e+03,4.653e+01,6.777e+03,0.220
33.6,1.205e+01,7.894e+03,5.621e+01,7.963e+03,0.186
34.9,1.669e+01,1.045e+04,8.152e+01,1.055e+04,0.154
36.3,1.780e+01,1.538e+04,1.890e+02,1.559e+04,0.125
37.6,2.129e+01,2.819e+04,5.517e+02,2.876e+04,0.097
38.9,3.768e+01,5.491e+04,1.679e+03,5.663e+04,0.072
40.3,6.464e+01,7.791e+04,3.472e+03,8.144e+04,0.051
41.6,8.300e+01,7.801e+04,5.568e+03,8.367e+04,0.033
43.0,2.013e+02,6.610e+04,6.723e+03,7.302e+04,0.022
44.3,5.797e+02,6.914e+04,7.181e+03,7.690e+04,0.020
45.7,1.166e+03,6.983e+04,5.685e+03,7.669e+04,0.026
47.0,1.271e+03,5.230e+04,3.409e+03,5.698e+04,0.032
48.3,8.621e+02,3.602e+04,2.172e+03,3.905e+04,0.037
49.7,5.658e+02,2.706e+04,1.163e+03,2.879e+04,0.040
51.0,3.405e+02,1.963e+04,4.066e+02,2.038e+04,0.039
52.4,1.828e+02,1.293e+04,1.011e+02,1.321e+04,0.037
53.7,9.409e+01,8.830e+03,5.211e+01,8.976e+03,0.032
55.1,5.164e+01,7.269e+03,5.913e+01,7.380e+03,0.030
56.4,2.905e+01,5.297e+03,8.751e+01,5.414e+03,0.028
57.7,2.050e+01,4.453e+03,1.442e+02,4.617e+03,0.029
59.1,1.627e+01,4.386e+03,1.748e+02,4.577e+03,0.034
60.4,1.188e+01,4.355e+03,1.468e+02,4.514e+03,0.043
61.8,9.721e+00,3.775e+03,9.963e+01,3.885e+03,0.054
63.1,7.805e+00,3.318e+03,7.162e+01,3.397e+03,0.075
64.5,5.301e+00,2.975e+03,5.203e+01,3.033e+03,0.098
65.8,4.996e+00,2.934e+03,4.145e+01,2.981e+03,0.122
67.1,5.167e+00,2.353e+03,2.840e+01,2.387e+03,0.148
68.5,5.233e+00,1.959e+03,2.247e+01,1.987e+03,0.174
69.8,4.011e+00,1.699e+03,1.748e+01,1.721e+03,0.201
71.2,4.946e+00,1.608e+03,1.329e+01,1.626e+03,0.229
72.5,5.141e+00,1.364e+03,8.684e+00,1.377e+03,0.257
73.9,5.660e+00,1.211e+03,8.619e+00,1.225e+03,0.285
75.2,5.802e+00,1.146e+03,1.009e+01,1.162e+03,0.314
76.5,6.698e+00,9.871e+02,1.068e+01,1.005e+03,0.342
77.9,8.322e+00,9.754e+02,1.134e+01,9.951e+02,0.369
79.2,1.031e+01,9.009e+02,1.136e+01,9.226e+02,0.396
80.6,8.742e+00,7.407e+02,1.131e+01,7.607e+02,0.422
81.9,7.728e+00,8.289e+02,1.144e+01,8.481e+02,0.447
83.3,7.109e+00,8.325e+02,1.039e+01,8.500e+02,0.471
84.6,7.558e+00,7.732e+02,8.062e+00,7.888e+02,0.493
85.9,9.370e+00,7.672e+02,7.040e+00,7.836e+02,0.514
87.3,8.650e+00,7.412e+02,5.592e+00,7.554e+02,0.533
88.6,8.080e+00,7.133e+02,5.737e+00,7.272e+02,0.550
90.0,8.596e+00,7.062e+02,5.316e+00,7.201e+02,0.566
91.3,7.991e+00,6.898e+02,5.365e+00,7.032e+02,0.579
92.7,7.945e+00,6.600e+02,5.891e+00,6.738e+02,0.590
94.0,7.549e+00,6.367e+02,8.598e+00,6.529e+02,0.599
95.3,7.368e+00,6.262e+02,1.067e+01,6.443e+02,0.606
96.7,7.419e+00,6.359e+02,8.698e+00,6.521e+02,0.611
98.0,8.575e+00,6.756e+02,8.390e+00,6.926e+02,0.614
99.4,9.840e+00,7.275e+02,9.304e+00,7.466e+02,0.614
100.7,1.069e+01,7.632e+02,1.044e+01,7.843e+02,0.612
102.1,1.184e+01,7.566e+02,1.217e+01,7.806e+02,0.608
103.4,1.292e+01,7.477e+02,1.467e+01,7.752e+02,0.601
104.7,1.522e+01,7.313e+02,1.720e+01,7.637e+02,0.593
106.1,1.778e+01,7.176e+02,2.155e+01,7.569e+02,0.583
107.4,1.850e+01,6.716e+02,2.612e+01,7.162e+02,0.570
108.8,1.500e+01,4.581e+02,2.130e+01,4.944e+02,0.556
110.1,9.022e+00,1.921e+02,1.352e+01,2.146e+02,0.540
111.5,5.162e+00,3.737e+01,6.410e+00,4.895e+01,0.523
112.8,3.747e+00,2.217e+01,4.227e+00,3.014e+01,0.504
114.1,3.690e+00,1.515e+01,3.728e+00,2.257e+01,0.483
115.5,4.126e+00,1.990e+01,3.485e+00,2.751e+01,0.462
116.8,4.355e+00,1.883e+01,3.936e+00,2.713e+01,0.440
118.2,5.648e+00,1.200e+01,5.131e+00,2.278e+01,0.416
119.5,5.733e+00,1.100e+01,5.956e+00,2.269e+01,0.392
120.9,5.090e+00,9.623e+00,6.904e+00,2.162e+01,0.368
122.2,6.174e+00,1.121e+01,7.257e+00,2.464e+01,0.343
123.5,4.669e+00,1.185e+01,5.445e+00,2.196e+01,0.318
124.9,4.512e+00,1.488e+01,5.055e+00,2.445e+01,0.293
126.2,4.715e+00,1.828e+01,3.793e+00,2.679e+01,0.268
127.6,4.295e+00,2.435e+01,3.392e+00,3.204e+01,0.244
128.9,3.771e+00,2.823e+01,2.730e+00,3.473e+01,0.220
130.2,3.703e+00,2.386e+01,3.832e+00,3.140e+01,0.197
131.6,2.774e+00,1.617e+01,3.564e+00,2.251e+01,0.174
132.9,3.647e+00,2.221e+01,4.081e+00,2.994e+01,0.160
134.3,4.746e+00,2.343e+01,5.762e+00,3.394e+01,0.150
135.6,4.348e+00,3.299e+01,9.497e+00,4.684e+01,0.141
137.0,3.643e+00,3.104e+01,1.294e+01,4.762e+01,0.132
138.3,2.751e+00,2.775e+01,1.772e+01,4.823e+01,0.125
139.6,3.580e+00,2.117e+01,1.539e+01,4.014e+01,0.118
141.0,3.939e+00,2.105e+01,1.624e+01,4.123e+01,0.113
142.3,3.523e+00,3.197e+01,2.188e+01,5.737e+01,0.108
143.7,4.372e+00,3.295e+01,2.484e+01,6.216e+01,0.104
145.0,5.372e+00,3.627e+01,3.329e+01,7.492e+01,0.101
146.4,4.015e+00,3.956e+01,3.909e+01,8.266e+01,0.098
147.7,4.539e+00,2.553e+01,2.956e+01,5.962e+01,0.097
149.0,4.060e+00,4.665e+01,5.951e+01,1.102e+02,0.096
150.4,4.488e+00,5.757e+01,9.012e+01,1.522e+02,0.095
151.7,4.776e+00,4.910e+01,9.580e+01,1.497e+02,0.095
153.1,4.175e+00,2.923e+01,1.239e+02,1.573e+02,0.096
154.4,4.351e+00,3.810e+01,1.861e+02,2.285e+02,0.097
155.8,4.521e+00,3.420e+01,1.732e+02,2.119e+02,0.099
157.1,4.082e+00,4.430e+01,1.591e+02,2.075e+02,0.102
158.4,4.002e+00,4.839e+01,1.327e+02,1.851e+02,0.105
159.8,3.725e+00,6.472e+01,1.157e+02,1.842e+02,0.108
161.1,3.805e+00,7.330e+01,1.026e+02,1.797e+02,0.112
162.5,3.463e+00,5.677e+01,6.234e+01,1.226e+02,0.117
163.8,2.746e+00,6.044e+01,5.404e+01,1.172e+02,0.122
165.2,2.648e+00,1.005e+02,6.362e+01,1.668e+02,0.127
166.5,2.393e+00,1.717e+02,7.526e+01,2.493e+02,0.133
167.8,2.214e+00,2.003e+02,6.556e+01,2.681e+02,0.140
169.2,3.100e+00,1.555e+02,4.326e+01,2.019e+02,0.146
170.5,2.681e+00,2.930e+02,6.187e+01,3.576e+02,0.155
171.9,2.620e+00,3.577e+02,5.789e+01,4.182e+02,0.172
173.2,2.854e+00,4.293e+02,5.459e+01,4.868e+02,0.189
174.6,2.845e+00,4.778e+02,4.859e+01,5.292e+02,0.207
175.9,2.401e+00,5.172e+02,4.317e+01,5.628e+02,0.224
177.2,2.418e+00,5.476e+02,3.937e+01,5.894e+02,0.242
178.6,2.420e+00,5.301e+02,3.318e+01,5.657e+02,0.259
179.9,2.556e+00,5.075e+02,2.864e+01,5.387e+02,0.276
181.3,3.112e+00,4.388e+02,2.187e+01,4.638e+02,0.293
182.6,1.934e+00,3.672e+02,1.565e+01,3.848e+02,0.309
184.0,1.675e+00,3.448e+02,1.299e+01,3.594e+02,0.324
185.3,2.643e+00,2.261e+02,8.210e+00,2.370e+02,0.338
186.6,1.982e+00,2.263e+02,6.480e+00,2.347e+02,0.352
188.0,1.821e+00,2.169e+02,5.738e+00,2.245e+02,0.364
189.3,2.659e+00,1.315e+02,4.134e+00,1.383e+02,0.376
190.7,2.808e+00,1.209e+02,3.568e+00,1.273e+02,0.386
192.0,2.286e+00,1.319e+02,3.116e+00,1.373e+02,0.395
193.4,1.908e+00,8.077e+01,2.151e+00,8.483e+01,0.403
194.7,2.115e+00,7.567e+01,1.943e+00,7.973e+01,0.409
196.0,1.932e+00,8.068e+01,1.810e+00,8.442e+01,0.414
197.4,1.589e+00,6.708e+01,1.593e+00,7.026e+01,0.417
198.7,1.714e+00,6.434e+01,1.840e+00,6.789e+01,0.420
