freq,psd_x,psd_y,psd_z,psd_xyz,ei(36.0)
0.0,0.000e+00,0.000e+00,0.000e+00,0.000e+00,1.000
1.3,0.000e+00,0.000e+00,0.000e+00,0.000e+00,0.986
2.7,0.000e+00,0.000e+00,0.000e+00,0.000e+00,0.966
4.0,0.000e+00,0.000e+00,0.000e+00,0.000e+00,0.940
5.4,2.352e+02,4.619e+00,2.886e+00,2.427e+02,0.907
6.7,3.233e+02,3.755e+00,2.349e+00,3.294e+02,0.869
8.0,3.848e+02,3.168e+00,2.044e+00,3.900e+02,0.826
9.4,4.368e+02,2.953e+00,1.660e+00,4.414e+02,0.779
10.7,4.990e+02,5.805e+00,1.509e+00,5.063e+02,0.729
12.0,5.367e+02,1.401e+01,1.388e+00,5.521e+02,0.675
13.4,6.657e+02,1.019e+01,1.435e+00,6.773e+02,0.619
14.7,8.132e+02,8.542e+00,1.509e+00,8.232e+02,0.562
16.1,6.610e+02,6.242e+00,1.421e+00,6.686e+02,0.504
17.4,5.489e+02,3.114e+00,1.091e+00,5.531e+02,0.445
18.7,5.948e+02,2.077e+00,9.248e-01,5.978e+02,0.388
20.1,5.320e+02,1.954e+00,8.538e-01,5.348e+02,0.332
21.4,4.754e+02,1.613e+00,7.892e-01,4.778e+02,0.278
22.7,4.978e+02,1.541e+00,6.656e-01,5.000e+02,0.227
24.1,5.579e+02,1.599e+00,6.446e-01,5.602e+02,0.179
25.4,5.246e+02,2.400e+00,6.667e-01,5.277e+02,0.136
26.8,5.346e+02,2.879e+00,7.414e-01,5.382e+02,0.097
28.1,5.267e+02,2.821e+00,8.342e-01,5.304e+02,0.063
29.4,4.456e+02,3.964e+00,1.173e+00,4.507e+02,0.036
30.8,3.726e+02,4.158e+00,1.477e+00,3.782e+02,0.021
32.1,3.742e+02,5.297e+00,1.551e+00,3.810e+02,0.024
33.5,3.263e+02,8.028e+00,2.040e+00,3.363e+02,0.033
34.8,2.715e+02,1.063e+01,3.350e+00,2.855e+02,0.038
36.1,2.696e+02,1.041e+01,6.575e+00,2.866e+02,0.040
37.5,3.202e+02,1.586e+01,1.432e+01,3.504e+02,0.036
38.8,4.079e+02,2.521e+01,1.765e+01,4.508e+02,0.030
40.1,5.535e+02,3.742e+01,1.024e+01,6.012e+02,0.028
41.5,8.740e+02,5.664e+01,8.643e+00,9.393e+02,0.031
42.8,1.213e+03,6.495e+01,1.578e+01,1.294e+03,0.041
44.2,1.003e+03,5.686e+01,2.433e+01,1.084e+03,0.059
45.5,6.170e+02,4.472e+01,2.352e+01,6.852e+02,0.089
46.8,3.895e+02,5.490e+01,2.306e+01,4.674e+02,0.123
48.2,2.175e+02,5.536e+01,1.763e+01,2.905e+02,0.159
49.5,1.101e+02,4.892e+01,1.196e+01,1.709e+02,0.196
50.8,9.234e+01,4.888e+01,1.148e+01,1.527e+02,0.235
52.2,8.057e+01,3.767e+01,1.413e+01,1.324e+02,0.275
53.5,1.153e+02,3.602e+01,1.000e+01,1.613e+02,0.315
54.9,9.771e+01,3.051e+01,3.435e+00,1.317e+02,0.354
56.2,7.801e+01,1.860e+01,1.468e+00,9.808e+01,0.392
57.5,6.690e+01,1.137e+01,1.249e+00,7.952e+01,0.428
58.9,3.971e+01,8.570e+00,1.469e+00,4.974e+01,0.462
60.2,1.919e+01,6.291e+00,1.618e+00,2.710e+01,0.494
61.6,9.599e+00,4.315e+00,1.763e+00,1.568e+01,0.522
62.9,6.597e+00,3.692e+00,1.733e+00,1.202e+01,0.547
64.2,7.808e+00,3.882e+00,1.776e+00,1.347e+01,0.569
65.6,1.185e+01,4.471e+00,2.064e+00,1.839e+01,0.586
66.9,1.440e+01,4.433e+00,2.510e+00,2.134e+01,0.600
68.2,1.101e+01,3.710e+00,2.611e+00,1.733e+01,0.609
69.6,9.464e+00,3.826e+00,3.630e+00,1.692e+01,0.613
70.9,1.129e+01,3.874e+00,4.288e+00,1.945e+01,0.614
72.3,1.233e+01,2.301e+00,3.549e+00,1.818e+01,0.610
73.6,1.313e+01,3.531e+00,3.233e+00,1.990e+01,0.601
74.9,1.242e+01,6.373e+00,3.674e+00,2.247e+01,0.589
76.3,1.217e+01,8.888e+00,4.912e+00,2.597e+01,0.572
77.6,1.313e+01,9.272e+00,5.935e+00,2.834e+01,0.552
78.9,1.531e+01,9.695e+00,7.122e+00,3.213e+01,0.529
80.3,1.622e+01,8.759e+00,8.844e+00,3.382e+01,0.503
81.6,2.055e+01,9.888e+00,1.301e+01,4.345e+01,0.474
83.0,2.038e+01,8.308e+00,1.406e+01,4.275e+01,0.443
84.3,1.817e+01,4.745e+00,8.726e+00,3.164e+01,0.410
85.6,2.130e+01,3.619e+00,7.316e+00,3.224e+01,0.377
87.0,2.120e+01,2.348e+00,5.449e+00,2.900e+01,0.342
88.3,2.083e+01,1.781e+00,3.972e+00,2.658e+01,0.307
89.7,2.331e+01,1.879e+00,4.020e+00,2.920e+01,0.272
91.0,2.411e+01,1.665e+00,3.625e+00,2.940e+01,0.238
92.3,2.005e+01,1.383e+00,3.371e+00,2.481e+01,0.205
93.7,2.305e+01,1.257e+00,3.014e+00,2.732e+01,0.173
95.0,2.697e+01,1.398e+00,3.777e+00,3.215e+01,0.155
96.3,2.486e+01,1.306e+00,3.663e+00,2.983e+01,0.142
97.7,2.455e+01,1.625e+00,4.850e+00,3.102e+01,0.130
99.0,2.248e+01,2.297e+00,5.501e+00,3.028e+01,0.121
100.4,2.024e+01,3.226e+00,6.158e+00,2.962e+01,0.112
101.7,1.865e+01,4.166e+00,7.151e+00,2.997e+01,0.106
103.0,1.863e+01,5.261e+00,8.762e+00,3.265e+01,0.101
104.4,1.913e+01,7.379e+00,1.162e+01,3.813e+01,0.098
105.7,2.032e+01,1.188e+01,1.624e+01,4.843e+01,0.096
107.1,2.170e+01,1.721e+01,1.947e+01,5.838e+01,0.095
108.4,1.921e+01,1.413e+01,1.259e+01,4.593e+01,0.096
109.7,1.281e+01,2.905e+00,2.012e+00,1.773e+01,0.097
111.1,1.038e+01,9.035e-01,3.694e-01,1.165e+01,0.100
112.4,1.054e+01,8.170e-01,3.072e-01,1.167e+01,0.103
113.7,7.228e+00,7.648e-01,3.116e-01,8.304e+00,0.108
115.1,6.139e+00,8.422e-01,3.044e-01,7.285e+00,0.114
116.4,1.034e+01,8.391e-01,3.248e-01,1.151e+01,0.121
117.8,1.105e+01,9.090e-01,3.305e-01,1.229e+01,0.129
119.1,9.632e+00,1.054e+00,3.340e-01,1.102e+01,0.137
120.4,9.935e+00,1.261e+00,3.550e-01,1.155e+01,0.147
121.8,9.246e+00,1.034e+00,2.792e-01,1.056e+01,0.163
123.1,9.506e+00,9.078e-01,2.745e-01,1.069e+01,0.187
124.4,9.533e+00,8.532e-01,2.675e-01,1.065e+01,0.211
125.8,8.772e+00,9.181e-01,2.544e-01,9.944e+00,0.236
127.1,5.420e+00,1.164e+00,2.213e-01,6.806e+00,0.261
128.5,6.094e+00,1.167e+00,2.734e-01,7.535e+00,0.284
129.8,3.713e+00,9.437e-01,2.478e-01,4.904e+00,0.307
131.1,3.643e+00,8.012e-01,2.942e-01,4.738e+00,0.328
132.5,4.333e+00,7.968e-01,3.228e-01,5.453e+00,0.348
133.8,4.122e+00,8.554e-01,3.252e-01,5.303e+00,0.365
135.2,4.242e+00,8.691e-01,3.549e-01,5.466e+00,0.381
136.5,5.468e+00,1.043e+00,4.950e-01,7.006e+00,0.394
137.8,5.635e+00,1.184e+00,5.296e-01,7.349e+00,0.404
139.2,4.934e+00,1.119e+00,5.290e-01,6.582e+00,0.412
140.5,4.908e+00,1.729e+00,8.662e-01,7.503e+00,0.418
141.8,5.369e+00,1.940e+00,1.120e+00,8.429e+00,0.420
143.2,5.111e+00,1.748e+00,1.084e+00,7.943e+00,0.420
144.5,3.993e+00,1.360e+00,8.584e-01,6.212e+00,0.417
145.9,4.055e+00,2.003e+00,1.357e+00,7.415e+00,0.412
147.2,3.722e+00,2.661e+00,1.873e+00,8.256e+00,0.404
148.5,3.359e+00,2.693e+00,2.540e+00,8.592e+00,0.394
149.9,3.129e+00,3.059e+00,3.694e+00,9.882e+00,0.381
151.2,2.872e+00,4.894e+00,6.128e+00,1.389e+01,0.367
152.5,2.956e+00,5.582e+00,1.030e+01,1.884e+01,0.350
153.9,3.000e+00,4.622e+00,1.386e+01,2.149e+01,0.333
155.2,2.708e+00,4.022e+00,1.409e+01,2.082e+01,0.314
156.6,2.710e+00,2.537e+00,9.329e+00,1.458e+01,0.294
157.9,1.946e+00,1.697e+00,5.271e+00,8.914e+00,0.274
159.2,1.978e+00,2.329e+00,4.393e+00,8.700e+00,0.253
160.6,2.321e+00,3.018e+00,4.394e+00,9.733e+00,0.232
161.9,3.187e+00,4.969e+00,5.842e+00,1.400e+01,0.211
163.3,3.152e+00,6.095e+00,5.819e+00,1.507e+01,0.192
164.6,3.001e+00,7.199e+00,5.250e+00,1.545e+01,0.182
165.9,3.632e+00,9.607e+00,5.619e+00,1.886e+01,0.176
167.3,3.809e+00,9.195e+00,4.287e+00,1.729e+01,0.171
168.6,4.203e+00,8.379e+00,3.171e+00,1.575e+01,0.166
169.9,4.737e+00,9.054e+00,2.820e+00,1.661e+01,0.161
171.3,3.731e+00,9.983e+00,2.378e+00,1.609e+01,0.158
172.6,4.724e+00,1.422e+01,3.036e+00,2.198e+01,0.154
174.0,4.130e+00,1.569e+01,2.743e+00,2.256e+01,0.151
175.3,4.460e+00,1.519e+01,2.463e+00,2.211e+01,0.149
176.6,3.775e+00,1.117e+01,1.699e+00,1.664e+01,0.148
178.0,4.604e+00,1.181e+01,1.892e+00,1.830e+01,0.147
179.3,3.978e+00,1.120e+01,1.401e+00,1.658e+01,0.146
180.6,5.006e+00,1.274e+01,1.743e+00,1.949e+01,0.147
182.0,5.142e+00,1.334e+01,1.840e+00,2.032e+01,0.147
183.3,5.166e+00,1.328e+01,1.729e+00,2.018e+01,0.149
184.7,5.348e+00,1.342e+01,1.658e+00,2.043e+01,0.150
186.0,5.447e+00,1.353e+01,1.629e+00,2.060e+01,0.152
187.3,5.563e+00,1.223e+01,1.546e+00,1.934e+01,0.155
188.7,5.464e+00,1.140e+01,1.493e+00,1.836e+01,0.158
190.0,6.135e+00,1.209e+01,1.507e+00,1.973e+01,0.161
191.4,6.386e+00,1.088e+01,1.424e+00,1.869e+01,0.165
192.7,5.380e+00,8.055e+00,1.044e+00,1.448e+01,0.168
194.0,6.671e+00,8.796e+00,1.361e+00,1.683e+01,0.172
195.4,7.190e+00,8.596e+00,1.367e+00,1.715e+01,0.179
196.7,7.510e+00,8.333e+00,1.379e+00,1.722e+01,0.194
198.0,7.716e+00,8.383e+00,1.354e+00,1.745e+01,0.209
199.4,6.211e+00,7.489e+00,1.042e+00,1.474e+01,0.224
